"pclass","Survival","Mortality"
1,0.619195046439629,0.380804953560371
2,0.429602888086643,0.570397111913357
3,0.255289139633286,0.744710860366714
